Model,CV_Accuracy_Mean,CV_Accuracy_Std,CV_ROC_AUC_Mean,CV_ROC_AUC_Std,Holdout_Accuracy,Holdout_ROC_AUC
Logistic Regression,0.6083333333333333,0.024295632895188754,0.6725694444444444,0.0387833389040089,0.6333333333333333,0.7155555555555556
Random Forest,0.6166666666666666,0.08395600699837451,0.6635416666666667,0.061737243771636904,0.6166666666666667,0.7011111111111111
XGBoost,0.6458333333333334,0.052704627669473,0.696875,0.05389891086647847,0.7,0.7244444444444444
Neural Network (MLP),0.6083333333333333,0.04039733214513608,0.6631944444444444,0.053869824090402106,0.6666666666666666,0.7377777777777778
