dummy_accuracy,dummy_auc,simple_lr_accuracy,simple_lr_auc
0.49696969696969695,0.5,0.9696969696969697,0.9916250367322951
