covariate,coef,exp(coef),se(coef),coef lower 95%,coef upper 95%,exp(coef) lower 95%,exp(coef) upper 95%,cmp to,z,p,-log2(p)
High_Proliferation,0.08610292615484208,1.0899185036528132,0.13847656136357028,-0.18530614682070642,0.35751199913039056,0.830849882861963,1.4297677223144634,0.0,0.6217870035693536,0.5340819332474753,0.9048670128575085
Age,0.02425639864533059,1.0245529782119902,0.005719878852907571,0.013045642097699473,0.0354671551929617,1.0131311077335488,1.0361036169458238,0.0,4.240718950367349,2.228049761436414e-05,15.453859020135955
Is_Male,0.03721813381386203,1.0379194014641475,0.13218961557634748,-0.221868751845974,0.29630501947369803,0.8010204898963762,1.3448803089607058,0.0,0.28155111618708284,0.77828772789333,0.3616244861221309
Stage,0.06347910210767824,1.065537218086745,0.060467928956427344,-0.05503586086664601,0.1819940650820025,0.9464512067843941,1.199607074289126,0.0,1.0497978548830524,0.29381106171955196,1.7670393818130385
