Model,Accuracy,Accuracy_95_CI,ROC_AUC,ROC_AUC_95_CI,F1_Score,Brier_Score,ECE
Logistic Regression,0.9030303030303031,0.9030 (95% CI: 0.8545-0.9455),0.9850132236262122,0.9850 (95% CI: 0.9713-0.9953),0.9012345679012346,0.05131183633638856,0.07222907456767702
Random Forest,0.9272727272727272,0.9273 (95% CI: 0.8848-0.9636),0.9870702321481046,0.9871 (95% CI: 0.9748-0.9959),0.9294117647058824,0.05169645901448325,0.049180954200919696
XGBoost,0.9272727272727272,0.9273 (95% CI: 0.8848-0.9697),0.9910373200117543,0.9910 (95% CI: 0.9813-0.9978),0.9285714285714286,0.04608979821205139,0.04810148101638663
Neural Network (MLP),0.896969696969697,0.8970 (95% CI: 0.8485-0.9455),0.9811930649426976,0.9812 (95% CI: 0.9647-0.9937),0.9005847953216374,0.05664183322488208,0.06251984473078312
