Model,Raw_AUC,Raw_Accuracy,Raw_Brier,Calibrated_AUC,Calibrated_Accuracy,Calibrated_Brier
Logistic Regression,0.9800073909830007,0.9088145896656535,0.06765929284566204,0.9723773141345871,0.9090909090909091,0.07025807450924443
Random Forest,0.9698447893569845,0.8693009118541033,0.09052427278840636,0.962973846605936,0.8787878787878788,0.07862941490176137
XGBoost,0.9709164818920917,0.8966565349544073,0.07765021175146103,0.9644431384072878,0.8848484848484849,0.08593488484621048
Neural Network (MLP),0.9749445676274945,0.8358662613981763,0.11865247539376603,0.9666470761093153,0.8848484848484849,0.08509909726736518
Ensemble (All Models),0.9784183296378417,0.8905775075987842,0.07814666549773894,0.9710549515133706,0.8909090909090909,0.07501190001259109
Ensemble (Top-3 Models),0.9795639320029563,0.8875379939209727,0.07924531593724556,0.9728181016749926,0.896969696969697,0.07465574861451788
