Model,Calibrated_AUC,Calibrated_Accuracy,Calibrated_Brier
Logistic Regression,0.8831908831908831,0.7924528301886793,0.14291083754323486
Random Forest,0.9487179487179487,0.8679245283018868,0.09577174658901637
XGBoost,0.923076923076923,0.8301886792452831,0.12471342086791992
Neural Network (MLP),0.9401709401709402,0.8301886792452831,0.11117313371643375
