Model,Raw_AUC,Raw_Accuracy,Raw_Brier,Calibrated_AUC,Calibrated_Accuracy,Calibrated_Brier
Logistic Regression,0.9742424242424242,0.8875379939209727,0.0734098756476075,0.9634146341463414,0.8727272727272727,0.08431368236861041
Random Forest,0.962379896526238,0.8662613981762918,0.10519941546509282,0.9518072289156626,0.8848484848484849,0.09191422789016233
XGBoost,0.9709164818920917,0.8966565349544073,0.07765021175146103,0.9644431384072878,0.8848484848484849,0.08593488484621048
Neural Network (MLP),0.9749445676274945,0.8358662613981763,0.11865247539376603,0.9666470761093153,0.8848484848484849,0.08509909726736518
Ensemble (All Models),0.9759793052475979,0.878419452887538,0.08149675804615839,0.9665001469291801,0.8848484848484849,0.08024244350918439
Ensemble (Top-3 Models),0.9776792313377679,0.8844984802431611,0.0809964495256163,0.9689979429914781,0.896969696969697,0.0784979684384111
