Model,CV_Accuracy_Mean,CV_Accuracy_Std,CV_ROC_AUC_Mean,CV_ROC_AUC_Std,Holdout_Accuracy,Holdout_ROC_AUC
Logistic Regression,0.9144589338824067,0.021747807246362043,0.9804751313795343,0.009565268818424665,0.9401709401709402,0.9921098772647574
