Model,CV_Accuracy_Mean,CV_Accuracy_Std,CV_ROC_AUC_Mean,CV_ROC_AUC_Std,Holdout_Accuracy,Holdout_ROC_AUC
Logistic Regression,0.9209923664122137,0.018230019706093684,0.9810863883591157,0.004123795565715401,0.9090909090909091,0.9833970026447253
