Model_A,Model_B,AUC_Difference,Bootstrap_p_value,Significant
Logistic Regression,Random Forest,-0.0047117603682116805,0.19794303077906372,No
Logistic Regression,XGBoost,-0.007678470103952109,0.0351022112771624,Yes
Logistic Regression,Neural Network (MLP),0.002123023419231759,0.43934952063983834,No
Random Forest,XGBoost,-0.0029667097357404283,0.40390231279590894,No
Random Forest,Neural Network (MLP),0.006834783787443439,0.11985289081926487,No
XGBoost,Neural Network (MLP),0.009801493523183867,0.036910681545159196,Yes
