Model,CV_Accuracy_Mean,CV_Accuracy_Std,CV_ROC_AUC_Mean,CV_ROC_AUC_Std,Holdout_Accuracy,Holdout_ROC_AUC
Random Forest,0.9179967615082119,0.022020085730371133,0.9787631560358833,0.004733815940095907,0.9393939393939394,0.9880987364090508
