k_value,k_AUC
100,0.9828092859241846
200,0.9838377901851307
300,0.9835439318248604
500,0.9825154275639142
1000,0.9863355862474288
