VT_threshold,Features_Passed,VT_AUC
0.001,22182,0.9825154275639142
0.005,22182,0.9825154275639142
0.01,22182,0.9825154275639142
0.05,22182,0.9825154275639142
